model,dataset,condition,precision,recall,f1,f1_ci_low,f1_ci_high,macro_f1,abandoned_sentences
27b,BC5CDR,E0,0.7491,0.7247,0.7367,0.7168,0.7562,0.7336,0
27b,BC5CDR,E1,0.8090,0.8234,0.8161,0.7986,0.8330,0.8143,0
27b,BioRED,E0,0.7265,0.7023,0.7142,0.6939,0.7335,0.6444,0
27b,BioRED,E1,0.8138,0.8015,0.8076,0.7884,0.8244,0.7827,0
27b,MedMentions,E0,0.3448,0.3165,0.3300,0.3101,0.3496,0.3541,0
27b,MedMentions,E1,0.5925,0.6436,0.6170,0.5987,0.6353,0.5805,0
4b,BC5CDR,E0,0.7208,0.6097,0.6606,0.6376,0.6837,0.6531,0
4b,BC5CDR,E1,0.7405,0.7466,0.7435,0.7231,0.7639,0.7390,0
4b,BC5CDR,E2,0.6567,0.6494,0.6530,0.6302,0.6760,0.6439,0
4b,BC5CDR,E2c,0.6936,0.6982,0.6959,0.6735,0.7179,0.6892,0
4b,BC5CDR,E3,0.7237,0.7211,0.7224,0.7009,0.7440,0.7155,0
4b,BC5CDR,E4,0.7233,0.6092,0.6613,0.6384,0.6845,0.6535,0
4b,BC5CDR,E5,0.8097,0.7511,0.7793,0.7597,0.7983,0.7758,0
4b,BC5CDR,E6,0.8245,0.7481,0.7844,0.7647,0.8033,0.7804,0
4b,BioRED,E0,0.6908,0.5726,0.6262,0.6019,0.6492,0.5624,0
4b,BioRED,E1,0.7257,0.7190,0.7223,0.7021,0.7411,0.6609,0
4b,BioRED,E2,0.6326,0.6128,0.6225,0.6001,0.6444,0.5416,0
4b,BioRED,E2c,0.6521,0.6242,0.6379,0.6155,0.6594,0.5504,0
4b,BioRED,E3,0.7059,0.6837,0.6946,0.6763,0.7123,0.6401,0
4b,BioRED,E4,0.7051,0.5819,0.6376,0.6142,0.6591,0.5693,0
4b,BioRED,E5,0.7433,0.6711,0.7054,0.6872,0.7230,0.6673,1
4b,BioRED,E6,0.7660,0.6679,0.7136,0.6955,0.7313,0.6731,1
4b,MedMentions,E0,0.2824,0.1641,0.2076,0.1872,0.2288,0.2245,1
4b,MedMentions,E1,0.5106,0.5165,0.5135,0.4934,0.5332,0.4690,0
4b,MedMentions,E2,0.2938,0.2590,0.2753,0.2560,0.2946,0.2852,0
4b,MedMentions,E2c,0.3060,0.2823,0.2937,0.2744,0.3135,0.2992,0
4b,MedMentions,E3,0.4782,0.4674,0.4727,0.4531,0.4932,0.4404,0
4b,MedMentions,E4,0.4844,0.2693,0.3462,0.3248,0.3674,0.3128,1
4b,MedMentions,E5,0.3636,0.5605,0.4411,0.4226,0.4600,0.4445,1
4b,MedMentions,E6,0.5602,0.5827,0.5712,0.5519,0.5902,0.5472,1
9b,BC5CDR,E0,0.6519,0.7242,0.6861,0.6648,0.7077,0.6812,0
9b,BC5CDR,E1,0.7541,0.7802,0.7669,0.7473,0.7860,0.7632,0
9b,BC5CDR,E2,0.6640,0.7232,0.6923,0.6706,0.7138,0.6871,0
9b,BioRED,E0,0.6714,0.6738,0.6726,0.6518,0.6927,0.5995,0
9b,BioRED,E1,0.7480,0.7545,0.7512,0.7314,0.7688,0.7169,0
9b,BioRED,E2,0.7232,0.6793,0.7005,0.6815,0.7188,0.6558,0
9b,MedMentions,E0,0.3299,0.2363,0.2754,0.2536,0.2977,0.2779,0
9b,MedMentions,E1,0.5494,0.5781,0.5634,0.5453,0.5821,0.5303,0
9b,MedMentions,E2,0.3280,0.2881,0.3068,0.2877,0.3266,0.3132,0
