comparison,delta_f1,ci_low,ci_high,p,p_holm
4b:BC5CDR:E2-E1,-0.0905,-0.1090,-0.0722,0.0001,0.0012
4b:BioRED:E2-E1,-0.0998,-0.1162,-0.0836,0.0001,0.0012
4b:MedMentions:E2-E1,-0.2382,-0.2582,-0.2184,0.0001,0.0012
4b:BC5CDR:E3-E1,-0.0211,-0.0349,-0.0081,0.0031,0.0093
4b:BioRED:E3-E1,-0.0277,-0.0450,-0.0091,0.0013,0.0052
4b:MedMentions:E3-E1,-0.0408,-0.0529,-0.0282,0.0001,0.0012
4b:BC5CDR:E2c-E1,-0.0476,-0.0636,-0.0322,0.0001,0.0012
4b:BioRED:E2c-E1,-0.0845,-0.1029,-0.0670,0.0001,0.0012
4b:MedMentions:E2c-E1,-0.2198,-0.2384,-0.2012,0.0001,0.0012
4b:BC5CDR:E2-E2c,-0.0429,-0.0596,-0.0267,0.0001,0.0012
4b:BioRED:E2-E2c,-0.0153,-0.0327,0.0029,0.0925,0.0925
4b:MedMentions:E2-E2c,-0.0184,-0.0327,-0.0043,0.0106,0.0212
9b:BC5CDR:E2-E1,-0.0746,-0.0918,-0.0577,,
9b:BioRED:E2-E1,-0.0507,-0.0654,-0.0362,,
9b:MedMentions:E2-E1,-0.2566,-0.2758,-0.2381,,
4b:BC5CDR:E4-E0,0.0007,-0.0017,0.0034,,
4b:BioRED:E4-E0,0.0114,0.0063,0.0175,,
4b:MedMentions:E4-E0,0.1386,0.1241,0.1536,,
4b:BC5CDR:E5-E0,0.1187,0.0984,0.1383,,
4b:BioRED:E5-E0,0.0792,0.0594,0.1002,,
4b:MedMentions:E5-E0,0.2335,0.2115,0.2554,,
4b:BC5CDR:E6-E5,0.0051,0.0001,0.0103,,
4b:BioRED:E6-E5,0.0082,0.0049,0.0116,,
4b:MedMentions:E6-E5,0.1301,0.1187,0.1417,,
4b:BC5CDR:E1-E0,0.0829,0.0641,0.1017,,
4b:BioRED:E1-E0,0.0961,0.0776,0.1152,,
4b:MedMentions:E1-E0,0.3059,0.2825,0.3289,,
9b:BC5CDR:E1-E0,0.0808,0.0644,0.0976,,
9b:BioRED:E1-E0,0.0786,0.0631,0.0944,,
9b:MedMentions:E1-E0,0.2880,0.2673,0.3092,,
27b:BC5CDR:E1-E0,0.0795,0.0643,0.0949,,
27b:BioRED:E1-E0,0.0934,0.0793,0.1075,,
27b:MedMentions:E1-E0,0.2870,0.2662,0.3083,,
