comparison,d_auroc,d_false_acceptance,d_false_rejection,d_filtered_f1,auroc_ci,false_acceptance_ci,false_rejection_ci,filtered_f1_ci
4b:BC5CDR:E2-E1,0.0118,-0.0390,0.0060,-0.0811,[-0.002, 0.027],[-0.079, 0.002],[-0.003, 0.015],[-0.099, -0.064]
4b:BioRED:E2-E1,0.0019,0.0285,-0.0043,-0.0909,[-0.013, 0.016],[-0.005, 0.065],[-0.011, 0.003],[-0.106, -0.076]
4b:MedMentions:E2-E1,0.0458,-0.1014,0.0069,-0.2366,[0.032, 0.058],[-0.126, -0.077],[-0.002, 0.017],[-0.257, -0.216]
4b:pooled:E2-E1,0.0288,-0.0576,0.0077,-0.1437,[0.020, 0.037],[-0.077, -0.039],[0.003, 0.013],[-0.155, -0.132]
4b:BC5CDR:E3-E1,0.0046,-0.0021,-0.0005,-0.0192,[-0.006, 0.015],[-0.035, 0.032],[-0.007, 0.006],[-0.032, -0.007]
4b:BioRED:E3-E1,-0.0012,0.0141,-0.0051,-0.0249,[-0.018, 0.014],[-0.016, 0.046],[-0.012, 0.002],[-0.040, -0.009]
4b:MedMentions:E3-E1,0.0167,-0.0351,0.0000,-0.0367,[0.008, 0.025],[-0.056, -0.014],[-0.005, 0.004],[-0.048, -0.025]
4b:pooled:E3-E1,0.0119,-0.0174,-0.0016,-0.0278,[0.004, 0.019],[-0.033, -0.001],[-0.005, 0.002],[-0.036, -0.020]
4b:BC5CDR:E2c-E1,0.0141,-0.0369,-0.0013,-0.0379,[0.001, 0.028],[-0.070, -0.002],[-0.008, 0.006],[-0.052, -0.024]
4b:BioRED:E2c-E1,0.0010,0.0457,-0.0075,-0.0786,[-0.014, 0.016],[0.008, 0.085],[-0.016, 0.001],[-0.095, -0.063]
4b:MedMentions:E2c-E1,0.0375,-0.1026,0.0047,-0.2145,[0.025, 0.049],[-0.127, -0.080],[-0.003, 0.013],[-0.234, -0.196]
4b:pooled:E2c-E1,0.0280,-0.0538,0.0027,-0.1214,[0.020, 0.036],[-0.072, -0.036],[-0.002, 0.008],[-0.132, -0.111]
4b:BC5CDR:E2-E2c,-0.0023,-0.0022,0.0072,-0.0432,[-0.016, 0.011],[-0.043, 0.041],[-0.001, 0.016],[-0.059, -0.028]
4b:BioRED:E2-E2c,0.0009,-0.0171,0.0031,-0.0123,[-0.014, 0.016],[-0.053, 0.019],[-0.005, 0.012],[-0.028, 0.004]
4b:MedMentions:E2-E2c,0.0084,0.0011,0.0022,-0.0221,[-0.002, 0.019],[-0.020, 0.022],[-0.008, 0.013],[-0.037, -0.007]
4b:pooled:E2-E2c,0.0008,-0.0038,0.0050,-0.0223,[-0.006, 0.008],[-0.020, 0.012],[-0.001, 0.011],[-0.031, -0.013]
9b:BC5CDR:E2-E1,0.0046,-0.0411,0.0118,-0.0642,[-0.009, 0.018],[-0.080, -0.002],[0.005, 0.019],[-0.081, -0.048]
9b:BioRED:E2-E1,-0.0041,0.0120,-0.0015,-0.0502,[-0.020, 0.012],[-0.023, 0.048],[-0.008, 0.005],[-0.064, -0.036]
9b:MedMentions:E2-E1,0.0515,-0.1152,0.0013,-0.2499,[0.039, 0.064],[-0.141, -0.090],[-0.005, 0.008],[-0.269, -0.230]
9b:pooled:E2-E1,0.0229,-0.0713,0.0102,-0.1299,[0.014, 0.031],[-0.090, -0.052],[0.006, 0.014],[-0.141, -0.119]
